{
  "data": [
    "new_collection"
  ],
  "timestamp": 1743132438.9496794,
  "expires_at": 1743136038.9496794
}